1.00000000,0.00000000
2.00000000,0.00000000
3.00000000,0.00140324
4.00000000,0.00290861
5.00000000,0.00344432
6.00000000,0.00316375
7.00000000,0.00369945
8.00000000,0.00469460
9.00000000,0.00420972
10.00000000,0.00316375
11.00000000,0.00318918
12.00000000,0.00341889
13.00000000,0.00344432
14.00000000,0.00341889
15.00000000,0.00395459
16.00000000,0.00418431
17.00000000,0.00369945
18.00000000,0.00214319
19.00000000,0.00267891
20.00000000,0.00392917
21.00000000,0.00599566
22.00000000,0.00877685
23.00000000,0.00982268
24.00000000,0.01005256
25.00000000,0.00982268
26.00000000,0.00852171
27.00000000,0.00931241
28.00000000,0.01183855
29.00000000,0.01084322
30.00000000,0.00852171
31.00000000,0.00829187
32.00000000,0.00571516
33.00000000,0.00471999
34.00000000,0.00648058
35.00000000,0.00880214
36.00000000,0.00801143
37.00000000,0.00625080
38.00000000,0.00622544
39.00000000,0.00676107
40.00000000,0.00648058
41.00000000,0.00803674
42.00000000,0.01030770
43.00000000,0.01058809
44.00000000,0.00903199
45.00000000,0.00880214
46.00000000,0.00775629
47.00000000,0.00956755
48.00000000,0.01643109
49.00000000,0.01900753
50.00000000,0.01234883
51.00000000,0.00880214
52.00000000,0.00750115
53.00000000,0.00650593
54.00000000,0.00443946
55.00000000,0.00548539
56.00000000,0.01056284
57.00000000,0.01339457
58.00000000,0.01132826
59.00000000,0.01033295
60.00000000,0.01209369
61.00000000,0.01441510
62.00000000,0.01362453
63.00000000,0.01262916
64.00000000,0.01260397
65.00000000,0.01364970
66.00000000,0.01617595
67.00000000,0.01773185
68.00000000,0.01464510
69.00000000,0.01186376
70.00000000,0.01107312
71.00000000,0.00982268
72.00000000,0.00724601
73.00000000,0.00752647
74.00000000,0.00597030
75.00000000,0.00676107
76.00000000,0.01107312
77.00000000,0.01288430
78.00000000,0.01490024
79.00000000,0.01875239
80.00000000,0.01515538
81.00000000,0.01390483
82.00000000,0.01413482
83.00000000,0.01237403
84.00000000,0.01464510
85.00000000,0.01773185
86.00000000,0.01438996
87.00000000,0.00905728
88.00000000,0.00724601
89.00000000,0.01186376
90.00000000,0.01438996
91.00000000,0.01109835
92.00000000,0.00928714
93.00000000,0.01518051
94.00000000,0.02280961
95.00000000,0.02232428
96.00000000,0.01643109
97.00000000,0.01237403
98.00000000,0.01030770
99.00000000,0.01033295
100.00000000,0.01005256
101.00000000,0.01262916
102.00000000,0.01592080
103.00000000,0.01467024
104.00000000,0.01183855
105.00000000,0.01262916
106.00000000,0.01387968
107.00000000,0.01313943
108.00000000,0.01311425
109.00000000,0.01262916
110.00000000,0.01234883
111.00000000,0.01313943
112.00000000,0.01209369
113.00000000,0.01339457
114.00000000,0.01592080
115.00000000,0.01518051
116.00000000,0.01464510
117.00000000,0.01900753
118.00000000,0.02867786
119.00000000,0.03457074
120.00000000,0.02612645
121.00000000,0.01849726
122.00000000,0.01413482
123.00000000,0.00956755
124.00000000,0.00673572
125.00000000,0.00905728
126.00000000,0.01387968
127.00000000,0.01620105
128.00000000,0.01438996
129.00000000,0.01364970
130.00000000,0.01617595
131.00000000,0.01492537
132.00000000,0.01132826
133.00000000,0.01084322
134.00000000,0.01183855
135.00000000,0.01415997
136.00000000,0.01694137
137.00000000,0.01875239
138.00000000,0.01796193
139.00000000,0.01849726
140.00000000,0.01770679
141.00000000,0.01569078
142.00000000,0.01336939
143.00000000,0.01160862
144.00000000,0.01183855
145.00000000,0.01313943
146.00000000,0.01132826
147.00000000,0.01135349
148.00000000,0.01413482
149.00000000,0.01645618
150.00000000,0.01745165
151.00000000,0.01620105
152.00000000,0.01081798
153.00000000,0.00956755
154.00000000,0.01719651
155.00000000,0.02666156
156.00000000,0.02459560
157.00000000,0.01824212
158.00000000,0.01490024
159.00000000,0.01543564
160.00000000,0.01617595
161.00000000,0.01467024
162.00000000,0.01974792
163.00000000,0.02819237
164.00000000,0.02816758
165.00000000,0.01951780
166.00000000,0.01056284
167.00000000,0.00829187
168.00000000,0.00750115
169.00000000,0.00905728
170.00000000,0.01107312
171.00000000,0.01620105
172.00000000,0.02025820
173.00000000,0.01798699
174.00000000,0.01541052
175.00000000,0.01824212
176.00000000,0.01923764
177.00000000,0.01620105
178.00000000,0.01617595
179.00000000,0.01824212
180.00000000,0.01923764
181.00000000,0.02155887
182.00000000,0.02536102
183.00000000,0.03227452
184.00000000,0.03454610
185.00000000,0.03099885
186.00000000,0.02638159
187.00000000,0.02079347
188.00000000,0.01490024
189.00000000,0.01645618
190.00000000,0.02765729
191.00000000,0.03048858
192.00000000,0.02306475
193.00000000,0.02257941
194.00000000,0.02204419
195.00000000,0.01773185
196.00000000,0.01490024
197.00000000,0.01339457
198.00000000,0.01005256
199.00000000,0.01415997
200.00000000,0.02612645
201.00000000,0.03227452
202.00000000,0.02765729
203.00000000,0.02564103
204.00000000,0.02918814
205.00000000,0.02895778
206.00000000,0.02536102
207.00000000,0.02538589
208.00000000,0.02408532
209.00000000,0.02334481
210.00000000,0.02612645
211.00000000,0.03252966
212.00000000,0.03173955
213.00000000,0.03508101
214.00000000,0.04143491
215.00000000,0.03686695
216.00000000,0.02689187
217.00000000,0.02334481
218.00000000,0.02561617
219.00000000,0.03201939
220.00000000,0.03250498
221.00000000,0.02589616
222.00000000,0.02331990
223.00000000,0.02334481
224.00000000,0.02383018
225.00000000,0.02385508
226.00000000,0.02102363
227.00000000,0.01824212
228.00000000,0.01821707
229.00000000,0.02155887
230.00000000,0.02383018
231.00000000,0.03074372
232.00000000,0.04475175
233.00000000,0.05089935
234.00000000,0.04526203
235.00000000,0.04018370
236.00000000,0.03429096
237.00000000,0.03201939
238.00000000,0.03633209
239.00000000,0.04094910
240.00000000,0.03837322
241.00000000,0.03252966
242.00000000,0.02459560
243.00000000,0.02513076
244.00000000,0.03046385
245.00000000,0.02870264
246.00000000,0.02178905
247.00000000,0.01951780
248.00000000,0.02561617
249.00000000,0.03737722
250.00000000,0.04296576
251.00000000,0.03788749
252.00000000,0.03556667
253.00000000,0.04375558
254.00000000,0.04526203
255.00000000,0.04732747
256.00000000,0.06363219
257.00000000,0.07207552
258.00000000,0.06184620
259.00000000,0.04247991
260.00000000,0.03301526
261.00000000,0.05294043
262.00000000,0.07638924
263.00000000,0.07717821
264.00000000,0.05929479
265.00000000,0.04273504
266.00000000,0.04245548
267.00000000,0.03839775
268.00000000,0.03352554
269.00000000,0.04936854
270.00000000,0.06950043
271.00000000,0.07717821
272.00000000,0.07970608
273.00000000,0.07156525
274.00000000,0.05342654
275.00000000,0.04528639
276.00000000,0.03939378
277.00000000,0.03099885
278.00000000,0.02638159
279.00000000,0.02819237
280.00000000,0.03378068
281.00000000,0.03967343
282.00000000,0.04066949
283.00000000,0.04528639
284.00000000,0.05470225
285.00000000,0.05906366
286.00000000,0.05878451
287.00000000,0.05804312
288.00000000,0.05597796
289.00000000,0.05294043
290.00000000,0.05342654
291.00000000,0.06952417
292.00000000,0.07536868
293.00000000,0.06289067
294.00000000,0.06057050
295.00000000,0.06008419
296.00000000,0.05342654
297.00000000,0.05115448
298.00000000,0.05495739
299.00000000,0.06340094
300.00000000,0.06439761
301.00000000,0.06773823
302.00000000,0.08455376
303.00000000,0.12412297
304.00000000,0.15573812
305.00000000,0.14147213
306.00000000,0.10726132
307.00000000,0.07054471
308.00000000,0.04883401
309.00000000,0.04681720
310.00000000,0.04373118
311.00000000,0.04707233
312.00000000,0.04602745
313.00000000,0.03992856
314.00000000,0.04653774
315.00000000,0.06084960
316.00000000,0.06873501
317.00000000,0.08840413
318.00000000,0.12996887
319.00000000,0.14657482
320.00000000,0.12614176
321.00000000,0.08687333
322.00000000,0.04883401
323.00000000,0.03176426
324.00000000,0.03352554
325.00000000,0.05038908
326.00000000,0.07358269
327.00000000,0.08891440
328.00000000,0.08889116
329.00000000,0.08865927
330.00000000,0.08557432
331.00000000,0.07870902
332.00000000,0.08633975
333.00000000,0.12948080
334.00000000,0.16772975
335.00000000,0.17208828
336.00000000,0.15216615
337.00000000,0.13330782
338.00000000,0.15675869
339.00000000,0.17310881
340.00000000,0.15242129
341.00000000,0.12616405
342.00000000,0.12869317
343.00000000,0.14351320
344.00000000,0.12103893
345.00000000,0.06901390
346.00000000,0.04985457
347.00000000,0.06926904
348.00000000,0.08506404
349.00000000,0.09019008
350.00000000,0.09144257
351.00000000,0.10396734
352.00000000,0.13124458
353.00000000,0.16749585
354.00000000,0.21033832
355.00000000,0.22974869
356.00000000,0.18278308
357.00000000,0.10626355
358.00000000,0.05852937
359.00000000,0.04401072
360.00000000,0.08149207
361.00000000,0.14912616
362.00000000,0.16441292
363.00000000,0.11544840
364.00000000,0.08429862
365.00000000,0.09452736
366.00000000,0.13047915
367.00000000,0.21342008
368.00000000,0.30371996
369.00000000,0.35017222
370.00000000,0.31724244
371.00000000,0.22515627
372.00000000,0.16084095
373.00000000,0.12310244
374.00000000,0.10981273
375.00000000,0.11136625
376.00000000,0.12792774
377.00000000,0.15193264
378.00000000,0.16492320
379.00000000,0.16494451
380.00000000,0.15956524
381.00000000,0.14249266
382.00000000,0.15675869
383.00000000,0.21061360
384.00000000,0.24988519
385.00000000,0.23025896
386.00000000,0.15905496
387.00000000,0.10396734
388.00000000,0.11542583
389.00000000,0.18969256
390.00000000,0.24452722
391.00000000,0.25015946
392.00000000,0.24963005
393.00000000,0.21648169
394.00000000,0.14323621
395.00000000,0.09070034
396.00000000,0.08838087
397.00000000,0.13790024
398.00000000,0.17793540
399.00000000,0.18101799
400.00000000,0.19171302
401.00000000,0.25169027
402.00000000,0.30525080
403.00000000,0.33562954
404.00000000,0.33255090
405.00000000,0.29582855
406.00000000,0.24299638
407.00000000,0.15116724
408.00000000,0.10955759
409.00000000,0.12616405
410.00000000,0.13966423
411.00000000,0.13152188
412.00000000,0.12129408
413.00000000,0.11493813
414.00000000,0.11338470
415.00000000,0.12846026
416.00000000,0.16594377
417.00000000,0.19581579
418.00000000,0.21875797
419.00000000,0.24174002
420.00000000,0.25626371
421.00000000,0.24633244
422.00000000,0.20344951
423.00000000,0.15040184
424.00000000,0.10547533
425.00000000,0.10830463
426.00000000,0.14961474
427.00000000,0.22183952
428.00000000,0.31188447
429.00000000,0.39890292
430.00000000,0.42771853
431.00000000,0.36854191
432.00000000,0.27106190
433.00000000,0.18637581
434.00000000,0.16492320
435.00000000,0.19326445
436.00000000,0.19656070
437.00000000,0.20653145
438.00000000,0.25881512
439.00000000,0.30271718
440.00000000,0.31877328
441.00000000,0.32695497
442.00000000,0.31418074
443.00000000,0.27745886
444.00000000,0.20880747
445.00000000,0.11493813
446.00000000,0.09680053
447.00000000,0.15397372
448.00000000,0.20395979
449.00000000,0.20653145
450.00000000,0.19605042
451.00000000,0.20602118
452.00000000,0.20625606
453.00000000,0.19913254
454.00000000,0.24682349
455.00000000,0.28893992
456.00000000,0.31035363
457.00000000,0.29531828
458.00000000,0.24478236
459.00000000,0.20959306
460.00000000,0.15012502
461.00000000,0.10090573
462.00000000,0.11415013
463.00000000,0.19300931
464.00000000,0.28305353
465.00000000,0.32210741
466.00000000,0.32489667
467.00000000,0.38895267
468.00000000,0.49175894
469.00000000,0.48768976
470.00000000,0.36801551
471.00000000,0.25628269
472.00000000,0.20447007
473.00000000,0.19454012
474.00000000,0.17742512
475.00000000,0.15550453
476.00000000,0.15599326
477.00000000,0.18561041
478.00000000,0.24860948
479.00000000,0.31725985
480.00000000,0.31775272
481.00000000,0.27822426
482.00000000,0.22079910
483.00000000,0.15805587
484.00000000,0.17997653
485.00000000,0.25092486
486.00000000,0.32591723
487.00000000,0.36624569
488.00000000,0.36725009
489.00000000,0.33588468
490.00000000,0.29912742
491.00000000,0.29353234
492.00000000,0.28764607
493.00000000,0.23714760
494.00000000,0.20395979
495.00000000,0.22566654
496.00000000,0.28101240
497.00000000,0.32006633
498.00000000,0.29861714
499.00000000,0.22566654
500.00000000,0.17665969
501.00000000,0.18484501
502.00000000,0.20625606
503.00000000,0.27108049
504.00000000,0.34632852
505.00000000,0.36216354
506.00000000,0.34020513
507.00000000,0.31649445
508.00000000,0.28841149
509.00000000,0.23230004
510.00000000,0.17028117
511.00000000,0.15805587
512.00000000,0.16543348
513.00000000,0.17617043
514.00000000,0.18176251
515.00000000,0.16111749
516.00000000,0.15879982
517.00000000,0.18663095
518.00000000,0.20523550
519.00000000,0.23230004
520.00000000,0.28407409
521.00000000,0.31470851
522.00000000,0.28203296
523.00000000,0.24454650
524.00000000,0.25549829
525.00000000,0.28945018
526.00000000,0.33459203
527.00000000,0.36139814
528.00000000,0.36673981
529.00000000,0.34430412
530.00000000,0.31698729
531.00000000,0.32874091
532.00000000,0.33969485
533.00000000,0.30348259
534.00000000,0.24325152
535.00000000,0.20346983
536.00000000,0.25626371
537.00000000,0.30960582
538.00000000,0.29989284
539.00000000,0.25347621
540.00000000,0.22156453
541.00000000,0.22337033
542.00000000,0.19987753
543.00000000,0.15601480
544.00000000,0.13991938
545.00000000,0.14887103
546.00000000,0.14731847
547.00000000,0.12667432
548.00000000,0.13507169
549.00000000,0.17540503
550.00000000,0.19094759
551.00000000,0.16315857
552.00000000,0.13507169
553.00000000,0.17846664
554.00000000,0.23253559
555.00000000,0.21546116
556.00000000,0.18609991
557.00000000,0.19683633
558.00000000,0.22845333
559.00000000,0.23332058
560.00000000,0.18890647
561.00000000,0.15346345
562.00000000,0.14170536
563.00000000,0.11748948
564.00000000,0.09858652
565.00000000,0.15831101
566.00000000,0.33306118
567.00000000,0.46447251
568.00000000,0.44481298
569.00000000,0.36497002
570.00000000,0.29759657
571.00000000,0.24684271
572.00000000,0.19120274
573.00000000,0.16366884
574.00000000,0.17053631
575.00000000,0.17285368
576.00000000,0.20421493
577.00000000,0.27133563
578.00000000,0.33841915
579.00000000,0.33588468
580.00000000,0.27004133
581.00000000,0.21239954
582.00000000,0.21595142
583.00000000,0.24480163
584.00000000,0.23865898
585.00000000,0.18918229
586.00000000,0.12716232
587.00000000,0.08610792
588.00000000,0.06771445
589.00000000,0.08661819
590.00000000,0.15038016
591.00000000,0.21597142
592.00000000,0.22717763
593.00000000,0.22668708
594.00000000,0.24631321
595.00000000,0.25296594
596.00000000,0.23738327
597.00000000,0.24454650
598.00000000,0.27667500
599.00000000,0.26954969
600.00000000,0.23865898
601.00000000,0.19607093
602.00000000,0.15293157
603.00000000,0.12233703
604.00000000,0.08582946
605.00000000,0.07233065
606.00000000,0.10088279
607.00000000,0.17999745
608.00000000,0.27871613
609.00000000,0.31828039
610.00000000,0.29325917
611.00000000,0.25934430
612.00000000,0.20191866
613.00000000,0.14989157
614.00000000,0.12256978
615.00000000,0.12259217
616.00000000,0.15854468
617.00000000,0.19147850
618.00000000,0.21569628
619.00000000,0.22796275
620.00000000,0.22972904
621.00000000,0.21444062
622.00000000,0.18661020
623.00000000,0.18152826
624.00000000,0.19145788
625.00000000,0.19632606
626.00000000,0.16288207
627.00000000,0.12182676
628.00000000,0.11721182
629.00000000,0.14223753
630.00000000,0.19196816
631.00000000,0.22847302
632.00000000,0.25167117
633.00000000,0.25985457
634.00000000,0.22488136
635.00000000,0.20117362
636.00000000,0.20549064
637.00000000,0.22694221
638.00000000,0.24784406
639.00000000,0.28230642
640.00000000,0.31035363
641.00000000,0.26878428
642.00000000,0.22743277
643.00000000,0.22668708
644.00000000,0.25447773
645.00000000,0.26674321
646.00000000,0.25065061
647.00000000,0.22821788
648.00000000,0.18941675
649.00000000,0.17183314
650.00000000,0.17614941
651.00000000,0.18969256
652.00000000,0.16237179
653.00000000,0.13509376
654.00000000,0.12154922
655.00000000,0.10575328
656.00000000,0.10853702
657.00000000,0.12590892
658.00000000,0.15446242
659.00000000,0.17208828
660.00000000,0.17053631
661.00000000,0.17285368
662.00000000,0.17410828
663.00000000,0.16545478
664.00000000,0.16109609
665.00000000,0.20142875
666.00000000,0.23228045
667.00000000,0.20423523
668.00000000,0.16160637
669.00000000,0.13177701
670.00000000,0.14527734
671.00000000,0.19122337
672.00000000,0.23202531
673.00000000,0.26010971
674.00000000,0.26723478
675.00000000,0.26572267
676.00000000,0.20778691
677.00000000,0.13585917
678.00000000,0.11185386
679.00000000,0.12514351
680.00000000,0.15701383
681.00000000,0.18739635
682.00000000,0.22411594
683.00000000,0.30526853
684.00000000,0.43613818
685.00000000,0.49712974
686.00000000,0.45221207
687.00000000,0.35578518
688.00000000,0.30065826
689.00000000,0.27796913
690.00000000,0.22079910
691.00000000,0.18254879
692.00000000,0.15931010
693.00000000,0.13662457
694.00000000,0.12231464
695.00000000,0.10983544
696.00000000,0.11006787
697.00000000,0.13432836
698.00000000,0.14578762
699.00000000,0.12667432
700.00000000,0.11568097
701.00000000,0.13330782
702.00000000,0.15599326
703.00000000,0.15678020
704.00000000,0.15318671
705.00000000,0.16111749
706.00000000,0.17563913
707.00000000,0.18663095
708.00000000,0.16594377
709.00000000,0.13738997
710.00000000,0.13149972
711.00000000,0.14045159
712.00000000,0.16288207
713.00000000,0.21546116
714.00000000,0.32387610
715.00000000,0.43411149
716.00000000,0.44557840
717.00000000,0.39073861
718.00000000,0.33102005
719.00000000,0.28154101
720.00000000,0.23916926
721.00000000,0.23944381
722.00000000,0.30933306
723.00000000,0.36063273
724.00000000,0.36750523
725.00000000,0.36139814
726.00000000,0.37873144
727.00000000,0.39762725
728.00000000,0.37949686
729.00000000,0.32389335
730.00000000,0.24937490
731.00000000,0.23051410
732.00000000,0.27820585
733.00000000,0.28460263
734.00000000,0.25065061
735.00000000,0.22337033
736.00000000,0.20191866
737.00000000,0.20015308
738.00000000,0.18941675
739.00000000,0.16417910
740.00000000,0.13915395
741.00000000,0.13687970
742.00000000,0.17283258
743.00000000,0.20755198
744.00000000,0.17716997
745.00000000,0.12667432
746.00000000,0.11006787
747.00000000,0.10779436
748.00000000,0.09552483
749.00000000,0.07641281
750.00000000,0.07485840
751.00000000,0.08075010
752.00000000,0.08174721
753.00000000,0.09911979
754.00000000,0.14068480
755.00000000,0.19096824
756.00000000,0.22411594
757.00000000,0.28409236
758.00000000,0.34887993
759.00000000,0.36318408
760.00000000,0.30958820
761.00000000,0.22923842
762.00000000,0.19451957
763.00000000,0.22056385
764.00000000,0.33637802
765.00000000,0.44176553
766.00000000,0.44124101
767.00000000,0.38104350
768.00000000,0.33229576
769.00000000,0.31139176
770.00000000,0.31469102
771.00000000,0.29531828
772.00000000,0.28943206
773.00000000,0.30552366
774.00000000,0.34709394
775.00000000,0.40272994
776.00000000,0.40424555
777.00000000,0.32159714
778.00000000,0.19222330
779.00000000,0.12055109
780.00000000,0.12792774
781.00000000,0.15780074
782.00000000,0.16186151
783.00000000,0.15218778
784.00000000,0.15675869
785.00000000,0.18612068
786.00000000,0.23687299
787.00000000,0.24505677
788.00000000,0.17359800
789.00000000,0.09095548
790.00000000,0.04934429
791.00000000,0.04681720
792.00000000,0.05954993
793.00000000,0.07054471
794.00000000,0.07792009
795.00000000,0.09886465
796.00000000,0.14145022
797.00000000,0.16060722
798.00000000,0.15446242
799.00000000,0.18356933
800.00000000,0.23942440
801.00000000,0.32338308
802.00000000,0.35449303
803.00000000,0.30373772
804.00000000,0.23559729
805.00000000,0.17387422
806.00000000,0.14680818
807.00000000,0.15550453
808.00000000,0.21161402
809.00000000,0.28281669
810.00000000,0.29632087
811.00000000,0.25577242
812.00000000,0.19554013
813.00000000,0.15652507
814.00000000,0.18558963
815.00000000,0.22592167
816.00000000,0.23661785
817.00000000,0.21316494
818.00000000,0.19273358
819.00000000,0.19734660
820.00000000,0.19732612
821.00000000,0.18535527
822.00000000,0.16339236
823.00000000,0.14351320
824.00000000,0.14374649
825.00000000,0.18229366
826.00000000,0.22921876
827.00000000,0.22209465
828.00000000,0.21340001
829.00000000,0.24556704
830.00000000,0.26187682
831.00000000,0.20729685
832.00000000,0.13507169
833.00000000,0.10294680
834.00000000,0.10853702
835.00000000,0.13254242
836.00000000,0.16926060
837.00000000,0.24403623
838.00000000,0.36852579
839.00000000,0.44814390
840.00000000,0.40883809
841.00000000,0.29429774
842.00000000,0.18456907
843.00000000,0.14580941
844.00000000,0.17461856
845.00000000,0.22081898
846.00000000,0.20906261
847.00000000,0.14912616
848.00000000,0.11721182
849.00000000,0.15142238
850.00000000,0.20804205
851.00000000,0.25908917
852.00000000,0.28254325
853.00000000,0.30220691
854.00000000,0.28866663
855.00000000,0.23025896
856.00000000,0.19196816
857.00000000,0.17285368
858.00000000,0.16926060
859.00000000,0.18561041
860.00000000,0.20804205
861.00000000,0.19479525
862.00000000,0.14986988
863.00000000,0.12310244
864.00000000,0.14680818
865.00000000,0.19887741
866.00000000,0.22360565
867.00000000,0.21520602
868.00000000,0.19247844
869.00000000,0.15269805
870.00000000,0.13328571
871.00000000,0.16162776
872.00000000,0.24018982
873.00000000,0.30450313
874.00000000,0.31902842
875.00000000,0.32491389
876.00000000,0.32362096
877.00000000,0.31470851
878.00000000,0.28279839
879.00000000,0.25475188
880.00000000,0.26060111
881.00000000,0.25755836
882.00000000,0.29249375
883.00000000,0.32746524
884.00000000,0.30627137
885.00000000,0.22030871
886.00000000,0.11108843
887.00000000,0.06620742
888.00000000,0.06873501
889.00000000,0.09605817
890.00000000,0.14680818
891.00000000,0.19454012
892.00000000,0.20268408
893.00000000,0.19147850
894.00000000,0.20344951
895.00000000,0.25934430
896.00000000,0.29887228
897.00000000,0.29837990
898.00000000,0.25422259
899.00000000,0.17744610
900.00000000,0.12410063
901.00000000,0.11697921
902.00000000,0.18992703
903.00000000,0.29123613
904.00000000,0.31086391
905.00000000,0.23842327
906.00000000,0.18227280
907.00000000,0.15575966
908.00000000,0.12639690
909.00000000,0.10243654
910.00000000,0.11721182
911.00000000,0.17004720
912.00000000,0.19732612
913.00000000,0.18127312
914.00000000,0.14961474
915.00000000,0.14121699
916.00000000,0.17844568
917.00000000,0.22362546
918.00000000,0.23125989
919.00000000,0.22158439
920.00000000,0.21544114
921.00000000,0.20755198
922.00000000,0.20753177
923.00000000,0.18254879
924.00000000,0.16619891
925.00000000,0.17387422
926.00000000,0.18916161
927.00000000,0.17617043
928.00000000,0.13609226
929.00000000,0.13585917
930.00000000,0.13583712
931.00000000,0.12437811
932.00000000,0.09475940
933.00000000,0.05778798
934.00000000,0.05291626
935.00000000,0.08100523
936.00000000,0.11006787
937.00000000,0.14325807
938.00000000,0.16186151
939.00000000,0.16724072
940.00000000,0.16977088
941.00000000,0.17234341
942.00000000,0.17359800
943.00000000,0.16979207
944.00000000,0.18150737
945.00000000,0.20525577
946.00000000,0.24274124
947.00000000,0.29404261
948.00000000,0.34020513
949.00000000,0.33307820
950.00000000,0.26800020
951.00000000,0.20627631
952.00000000,0.19375415
953.00000000,0.17438449
954.00000000,0.13022401
955.00000000,0.09095548
956.00000000,0.10879216
957.00000000,0.17668070
958.00000000,0.22870848
959.00000000,0.25908917
960.00000000,0.26085625
961.00000000,0.23459625
962.00000000,0.20038781
963.00000000,0.15499426
964.00000000,0.13838853
965.00000000,0.15652507
966.00000000,0.19069245
967.00000000,0.19173364
968.00000000,0.15114558
969.00000000,0.11774461
970.00000000,0.08914630
971.00000000,0.08202577
972.00000000,0.10292392
973.00000000,0.13968618
974.00000000,0.16058580
975.00000000,0.17055747
976.00000000,0.21391029
977.00000000,0.24607731
978.00000000,0.22717763
979.00000000,0.19198877
980.00000000,0.16594377
981.00000000,0.16928180
982.00000000,0.16237179
983.00000000,0.16494451
984.00000000,0.20778691
985.00000000,0.29863503
986.00000000,0.38562025
987.00000000,0.42237530
988.00000000,0.34990049
989.00000000,0.20653145
990.00000000,0.14706333
991.00000000,0.15397372
992.00000000,0.17870082
993.00000000,0.18280393
994.00000000,0.18839618
995.00000000,0.19785687
996.00000000,0.19783640
997.00000000,0.18816176
998.00000000,0.17870082
999.00000000,0.17361908
1000.00000000,0.20651120
1001.00000000,0.24888379
1002.00000000,0.26340766
1003.00000000,0.23561679
1004.00000000,0.18278308
1005.00000000,0.15882128
1006.00000000,0.17002602
1007.00000000,0.20780712
1008.00000000,0.25218146
1009.00000000,0.24939406
1010.00000000,0.21544114
1011.00000000,0.19249904
1012.00000000,0.17487371
1013.00000000,0.18382447
1014.00000000,0.18584477
1015.00000000,0.17157801
1016.00000000,0.16926060
1017.00000000,0.18688608
1018.00000000,0.20778691
1019.00000000,0.18458987
1020.00000000,0.14196050
1021.00000000,0.12794999
1022.00000000,0.15701383
1023.00000000,0.20142875
1024.00000000,0.23763841
1025.00000000,0.30833014
1026.00000000,0.37592489
1027.00000000,0.43181528
1028.00000000,0.41547176
1029.00000000,0.36777650
1030.00000000,0.34530796
1031.00000000,0.32797551
1032.00000000,0.30371996
1033.00000000,0.26393673
1034.00000000,0.22462622
1035.00000000,0.19428499
1036.00000000,0.20293923
1037.00000000,0.21826764
1038.00000000,0.22360565
1039.00000000,0.20678658
1040.00000000,0.22105424
1041.00000000,0.24582217
1042.00000000,0.24758892
1043.00000000,0.19658120
1044.00000000,0.14068480
1045.00000000,0.11851001
1046.00000000,0.12180436
1047.00000000,0.13968618
1048.00000000,0.15420728
1049.00000000,0.15269805
1050.00000000,0.14884931
1051.00000000,0.17259855
1052.00000000,0.21365515
1053.00000000,0.22515627
1054.00000000,0.18661020
1055.00000000,0.13483863
1056.00000000,0.11287442
1057.00000000,0.13458349
1058.00000000,0.15038016
1059.00000000,0.13866565
1060.00000000,0.13022401
1061.00000000,0.12718459
1062.00000000,0.12665204
1063.00000000,0.12641919
1064.00000000,0.12665204
1065.00000000,0.12488838
1066.00000000,0.11619125
1067.00000000,0.11672407
1068.00000000,0.15267643
1069.00000000,0.22464600
1070.00000000,0.31928356
1071.00000000,0.41242505
1072.00000000,0.46012145
1073.00000000,0.49585406
1074.00000000,0.49354493
1075.00000000,0.45681847
1076.00000000,0.39735674
1077.00000000,0.30118638
1078.00000000,0.22896362
1079.00000000,0.16724072
1080.00000000,0.13073430
1081.00000000,0.12488838
1082.00000000,0.14731847
1083.00000000,0.17719097
1084.00000000,0.19349900
1085.00000000,0.19811200
1086.00000000,0.23125989
1087.00000000,0.27108049
1088.00000000,0.29683115
1089.00000000,0.27108049
1090.00000000,0.21288973
1091.00000000,0.17693583
1092.00000000,0.15420728
1093.00000000,0.13968618
1094.00000000,0.12971373
1095.00000000,0.11391759
1096.00000000,0.11210900
1097.00000000,0.13534890
1098.00000000,0.17334286
1099.00000000,0.20882766
1100.00000000,0.20753177
1101.00000000,0.17591530
1102.00000000,0.16211665
1103.00000000,0.17081260
1104.00000000,0.16109609
1105.00000000,0.12718459
1106.00000000,0.11695668
1107.00000000,0.12718459
1108.00000000,0.14527734
1109.00000000,0.17668070
1110.00000000,0.20013267
1111.00000000,0.18637581
1112.00000000,0.14374649
1113.00000000,0.11417273
1114.00000000,0.14247079
1115.00000000,0.23893354
1116.00000000,0.34250140
1117.00000000,0.42518178
1118.00000000,0.44277185
1119.00000000,0.40375048
1120.00000000,0.38000714
1121.00000000,0.34430412
1122.00000000,0.29504516
1123.00000000,0.20015308
1124.00000000,0.11006787
1125.00000000,0.06722796
1126.00000000,0.06924529
1127.00000000,0.07156525
1128.00000000,0.07970608
1129.00000000,0.10907003
1130.00000000,0.13379599
1131.00000000,0.12871540
1132.00000000,0.11363984
1133.00000000,0.12948080
1134.00000000,0.19987753
1135.00000000,0.31394310
1136.00000000,0.37720059
1137.00000000,0.35017222
1138.00000000,0.29657601
1139.00000000,0.23612706
1140.00000000,0.19809154
1141.00000000,0.19836714
1142.00000000,0.18431393
1143.00000000,0.15218778
1144.00000000,0.13098944
1145.00000000,0.15422886
1146.00000000,0.19502985
1147.00000000,0.21188927
1148.00000000,0.16390264
1149.00000000,0.09835438
1150.00000000,0.09935194
1151.00000000,0.11646894
1152.00000000,0.11568097
1153.00000000,0.11672407
1154.00000000,0.11925295
1155.00000000,0.11391759
1156.00000000,0.10139307
1157.00000000,0.08381171
1158.00000000,0.09807624
1159.00000000,0.15397372
1160.00000000,0.21161402
1161.00000000,0.27184590
1162.00000000,0.31596673
1163.00000000,0.33767062
1164.00000000,0.34479767
1165.00000000,0.31649445
1166.00000000,0.30244425
1167.00000000,0.29047072
1168.00000000,0.27029647
1169.00000000,0.22439087
1170.00000000,0.17104659
1171.00000000,0.15371859
1172.00000000,0.16160637
1173.00000000,0.14938130
1174.00000000,0.11159871
1175.00000000,0.08432198
1176.00000000,0.10368934
1177.00000000,0.14887103
1178.00000000,0.19145788
1179.00000000,0.25347621
1180.00000000,0.32693780
1181.00000000,0.41548667
1182.00000000,0.44506812
1183.00000000,0.41905855
1184.00000000,0.36112670
1185.00000000,0.27847940
1186.00000000,0.25855998
1187.00000000,0.25194540
1188.00000000,0.22309537
1189.00000000,0.17081260
1190.00000000,0.11568097
1191.00000000,0.09197602
1192.00000000,0.09986222
1193.00000000,0.13534890
1194.00000000,0.16186151
1195.00000000,0.19147850
1196.00000000,0.22870848
1197.00000000,0.25424161
1198.00000000,0.25907027
1199.00000000,0.24122975
1200.00000000,0.22130938
1201.00000000,0.21597142
1202.00000000,0.21237945
1203.00000000,0.17412935
1204.00000000,0.12843803
1205.00000000,0.10167113
1206.00000000,0.11542583
1207.00000000,0.14504401
1208.00000000,0.14247079
1209.00000000,0.12131649
1210.00000000,0.11568097
1211.00000000,0.12259217
1212.00000000,0.14476706
1213.00000000,0.19198877
1214.00000000,0.24886462
1215.00000000,0.27082536
1216.00000000,0.23687299
1217.00000000,0.17821151
1218.00000000,0.14093994
1219.00000000,0.14682995
1220.00000000,0.18252794
1221.00000000,0.22490114
1222.00000000,0.23636271
1223.00000000,0.25015946
1224.00000000,0.26034597
1225.00000000,0.27337671
1226.00000000,0.33280604
1227.00000000,0.44661309
1228.00000000,0.53079553
1229.00000000,0.51473402
1230.00000000,0.42287085
1231.00000000,0.27745886
1232.00000000,0.16849518
1233.00000000,0.13509376
1234.00000000,0.17232229
1235.00000000,0.22081898
1236.00000000,0.24478236
1237.00000000,0.22770762
1238.00000000,0.16517834
1239.00000000,0.14580941
1240.00000000,0.19962239
1241.00000000,0.26750861
1242.00000000,0.28407409
1243.00000000,0.27005996
1244.00000000,0.23942440
1245.00000000,0.19224391
1246.00000000,0.18431393
1247.00000000,0.22081898
1248.00000000,0.26391795
1249.00000000,0.27694859
1250.00000000,0.25039547
1251.00000000,0.19658120
1252.00000000,0.17206715
1253.00000000,0.15678020
1254.00000000,0.14859417
1255.00000000,0.14147213
1256.00000000,0.12690718
1257.00000000,0.15754561
1258.00000000,0.24963005
1259.00000000,0.30195178
1260.00000000,0.28764607
1261.00000000,0.26036484
1262.00000000,0.23483186
1263.00000000,0.22923842
1264.00000000,0.21977854
1265.00000000,0.20806225
1266.00000000,0.18354850
1267.00000000,0.15193264
1268.00000000,0.13864367
1269.00000000,0.16417910
1270.00000000,0.22539164
1271.00000000,0.27261130
1272.00000000,0.26111139
1273.00000000,0.21852277
1274.00000000,0.20957289
1275.00000000,0.24709784
1276.00000000,0.27055162
1277.00000000,0.24760811
1278.00000000,0.19400929
1279.00000000,0.14249266
1280.00000000,0.15012502
1281.00000000,0.19173364
1282.00000000,0.23585243
1283.00000000,0.26699834
1284.00000000,0.24172067
1285.00000000,0.18561041
1286.00000000,0.15089044
1287.00000000,0.12973594
1288.00000000,0.11415013
1289.00000000,0.11136625
1290.00000000,0.13098944
1291.00000000,0.16545478
1292.00000000,0.19145788
1293.00000000,0.19147850
1294.00000000,0.21084860
1295.00000000,0.28613344
1296.00000000,0.38587539
1297.00000000,0.46906493
1298.00000000,0.47415421
1299.00000000,0.42135476
1300.00000000,0.35627902
1301.00000000,0.26597780
1302.00000000,0.20498035
1303.00000000,0.18637581
1304.00000000,0.19987753
1305.00000000,0.23485138
1306.00000000,0.23534214
1307.00000000,0.20806225
1308.00000000,0.22335051
1309.00000000,0.22923842
1310.00000000,0.21620656
1311.00000000,0.19989795
1312.00000000,0.18405878
1313.00000000,0.19377472
1314.00000000,0.20498035
1315.00000000,0.20831739
1316.00000000,0.20242894
1317.00000000,0.22311519
1318.00000000,0.24580293
1319.00000000,0.25883403
1320.00000000,0.28177782
1321.00000000,0.32950631
1322.00000000,0.38000714
1323.00000000,0.38231917
1324.00000000,0.34683880
1325.00000000,0.29965557
1326.00000000,0.25753942
1327.00000000,0.20933793
1328.00000000,0.18023167
1329.00000000,0.15882128
1330.00000000,0.13405113
1331.00000000,0.10014032
1332.00000000,0.08123692
1333.00000000,0.08738359
1334.00000000,0.11619125
1335.00000000,0.14249266
1336.00000000,0.14782875
1337.00000000,0.15371859
1338.00000000,0.17512885
1339.00000000,0.21852277
1340.00000000,0.25983569
1341.00000000,0.29480801
1342.00000000,0.31673215
1343.00000000,0.36241868
1344.00000000,0.39429505
1345.00000000,0.38997321
1346.00000000,0.36980150
1347.00000000,0.31190203
1348.00000000,0.26519365
1349.00000000,0.20704171
1350.00000000,0.15701383
1351.00000000,0.14019645
1352.00000000,0.12971373
1353.00000000,0.10830463
1354.00000000,0.12001837
1355.00000000,0.18918229
1356.00000000,0.29530030
1357.00000000,0.36139814
1358.00000000,0.38638567
1359.00000000,0.41216992
1360.00000000,0.37745573
1361.00000000,0.26852915
1362.00000000,0.16543348
1363.00000000,0.12871540
1364.00000000,0.12843803
1365.00000000,0.14274780
1366.00000000,0.19579527
1367.00000000,0.27057023
1368.00000000,0.30525080
1369.00000000,0.30246205
1370.00000000,0.28509466
1371.00000000,0.24046434
1372.00000000,0.20727662
1373.00000000,0.16953693
1374.00000000,0.13685768
1375.00000000,0.12029596
1376.00000000,0.13430627
1377.00000000,0.15193264
1378.00000000,0.15191101
1379.00000000,0.13432836
1380.00000000,0.10419962
1381.00000000,0.07539227
1382.00000000,0.07052100
1383.00000000,0.13560403
1384.00000000,0.22539164
1385.00000000,0.28919505
1386.00000000,0.31060877
1387.00000000,0.34277331
1388.00000000,0.41445119
1389.00000000,0.50580431
1390.00000000,0.54049089
1391.00000000,0.50861079
1392.00000000,0.46216258
1393.00000000,0.42058936
1394.00000000,0.36878094
1395.00000000,0.23740273
1396.00000000,0.12282492
1397.00000000,0.06824850
1398.00000000,0.08685003
1399.00000000,0.14836076
1400.00000000,0.22105424
1401.00000000,0.28485776
1402.00000000,0.30550594
1403.00000000,0.27031509
1404.00000000,0.20140838
1405.00000000,0.16035209
1406.00000000,0.16977088
1407.00000000,0.17897691
1408.00000000,0.16517834
1409.00000000,0.13866565
1410.00000000,0.12767260
1411.00000000,0.15091211
1412.00000000,0.19451957
1413.00000000,0.21265468
1414.00000000,0.20370465
1415.00000000,0.19479525
1416.00000000,0.18839618
1417.00000000,0.17387422
1418.00000000,0.13328571
1419.00000000,0.11621380
1420.00000000,0.14910445
1421.00000000,0.17285368
1422.00000000,0.15420728
1423.00000000,0.12208190
1424.00000000,0.11108843
1425.00000000,0.10881490
1426.00000000,0.13252028
1427.00000000,0.17004720
1428.00000000,0.17359800
1429.00000000,0.15167751
1430.00000000,0.16977088
1431.00000000,0.26010971
1432.00000000,0.32821350
1433.00000000,0.31904580
1434.00000000,0.26213196
1435.00000000,0.22821788
1436.00000000,0.25830484
1437.00000000,0.31292257
1438.00000000,0.33994999
1439.00000000,0.32797551
1440.00000000,0.29453488
1441.00000000,0.25806863
1442.00000000,0.25116089
1443.00000000,0.20168389
1444.00000000,0.13583712
1445.00000000,0.09325169
1446.00000000,0.10343420
1447.00000000,0.15193264
1448.00000000,0.19605042
1449.00000000,0.21801250
1450.00000000,0.23049446
1451.00000000,0.21393035
1452.00000000,0.17538399
1453.00000000,0.14836076
1454.00000000,0.15191101
1455.00000000,0.18892716
1456.00000000,0.22411594
1457.00000000,0.22490114
1458.00000000,0.21722713
1459.00000000,0.22081898
1460.00000000,0.20013267
1461.00000000,0.15984182
1462.00000000,0.12231464
1463.00000000,0.10983544
1464.00000000,0.12154922
1465.00000000,0.12922567
1466.00000000,0.11338470
1467.00000000,0.08738359
1468.00000000,0.09680053
1469.00000000,0.14172726
1470.00000000,0.19375415
1471.00000000,0.22234979
1472.00000000,0.23304587
1473.00000000,0.26215078
1474.00000000,0.26927591
1475.00000000,0.24684271
1476.00000000,0.22743277
1477.00000000,0.21418548
1478.00000000,0.23253559
1479.00000000,0.25475188
1480.00000000,0.25473287
1481.00000000,0.26189565
1482.00000000,0.28560494
1483.00000000,0.31088149
1484.00000000,0.31545645
1485.00000000,0.29251180
1486.00000000,0.29657601
1487.00000000,0.30935068
1488.00000000,0.28713579
1489.00000000,0.21163414
1490.00000000,0.16211665
1491.00000000,0.13560403
1492.00000000,0.12741746
1493.00000000,0.14785049
1494.00000000,0.17283258
1495.00000000,0.19989795
1496.00000000,0.20829719
1497.00000000,0.18943743
1498.00000000,0.16135123
1499.00000000,0.13101161
1500.00000000,0.10751646
1501.00000000,0.09350682
1502.00000000,0.11057815
1503.00000000,0.13968618
1504.00000000,0.16721947
1505.00000000,0.17795637
1506.00000000,0.16466806
1507.00000000,0.14989157
1508.00000000,0.13838853
1509.00000000,0.13177701
1510.00000000,0.11797724
1511.00000000,0.09707871
1512.00000000,0.07970608
1513.00000000,0.07692308
1514.00000000,0.09042200
1515.00000000,0.12055109
1516.00000000,0.17819054
1517.00000000,0.25857890
1518.00000000,0.32311068
1519.00000000,0.34966195
1520.00000000,0.33357147
1521.00000000,0.30424799
1522.00000000,0.25575343
1523.00000000,0.18841689
1524.00000000,0.16058580
1525.00000000,0.15575966
1526.00000000,0.13915395
1527.00000000,0.14325807
1528.00000000,0.18788590
1529.00000000,0.22923842
1530.00000000,0.21237945
1531.00000000,0.14938130
1532.00000000,0.12231464
1533.00000000,0.13790024
1534.00000000,0.16772975
1535.00000000,0.17719097
1536.00000000,0.16084095
1537.00000000,0.15218778
1538.00000000,0.19018217
1539.00000000,0.25015946
1540.00000000,0.28177782
1541.00000000,0.27541778
1542.00000000,0.23585243
1543.00000000,0.19249904
1544.00000000,0.14757361
1545.00000000,0.10779436
1546.00000000,0.10598561
1547.00000000,0.13050134
1548.00000000,0.16390264
1549.00000000,0.19045797
1550.00000000,0.19987753
1551.00000000,0.20780712
1552.00000000,0.24478236
1553.00000000,0.29557341
1554.00000000,0.31698729
1555.00000000,0.29889016
1556.00000000,0.22768791
1557.00000000,0.14300293
1558.00000000,0.09603511
1559.00000000,0.08865927
1560.00000000,0.13354085
1561.00000000,0.19989795
1562.00000000,0.25141603
1563.00000000,0.27439724
1564.00000000,0.31571159
1565.00000000,0.35017222
1566.00000000,0.33484717
1567.00000000,0.28358209
1568.00000000,0.22998418
1569.00000000,0.21265468
1570.00000000,0.19477471
1571.00000000,0.18714122
1572.00000000,0.17589427
1573.00000000,0.14861589
1574.00000000,0.14247079
1575.00000000,0.15397372
1576.00000000,0.17232229
1577.00000000,0.16826126
1578.00000000,0.18431393
1579.00000000,0.21010333
1580.00000000,0.21493086
1581.00000000,0.21520602
1582.00000000,0.21033832
1583.00000000,0.19887741
1584.00000000,0.18278308
1585.00000000,0.21163414
1586.00000000,0.25141603
1587.00000000,0.26087511
1588.00000000,0.23406644
1589.00000000,0.17795637
1590.00000000,0.12129408
1591.00000000,0.10090573
1592.00000000,0.11466041
1593.00000000,0.13432836
1594.00000000,0.15956524
1595.00000000,0.19096824
1596.00000000,0.21518600
1597.00000000,0.22872815
1598.00000000,0.24631321
1599.00000000,0.25296594
1600.00000000,0.25243660
1601.00000000,0.25194540
1602.00000000,0.22309537
1603.00000000,0.18025258
1604.00000000,0.15395214
1605.00000000,0.13815538
1606.00000000,0.13201000
1607.00000000,0.13458349
1608.00000000,0.14808389
1609.00000000,0.17361908
1610.00000000,0.21926826
1611.00000000,0.24633244
1612.00000000,0.21493086
1613.00000000,0.15626993
1614.00000000,0.13201000
1615.00000000,0.13764511
1616.00000000,0.16084095
1617.00000000,0.19505039
1618.00000000,0.22870848
1619.00000000,0.24301569
1620.00000000,0.21493086
1621.00000000,0.16953693
1622.00000000,0.17232229
1623.00000000,0.22719735
1624.00000000,0.28203296
1625.00000000,0.30322745
1626.00000000,0.30040312
1627.00000000,0.30297232
1628.00000000,0.30550594
1629.00000000,0.30450313
1630.00000000,0.26391795
1631.00000000,0.21367521
1632.00000000,0.17436342
1633.00000000,0.16979207
1634.00000000,0.18380364
1635.00000000,0.19224391
1636.00000000,0.19400929
1637.00000000,0.17183314
1638.00000000,0.15624841
1639.00000000,0.16519964
1640.00000000,0.20982803
1641.00000000,0.26495726
1642.00000000,0.31290504
1643.00000000,0.32338308
1644.00000000,0.29861714
1645.00000000,0.25092486
1646.00000000,0.19630556
1647.00000000,0.19454012
1648.00000000,0.19936725
1649.00000000,0.18050772
1650.00000000,0.14068480
1651.00000000,0.12999107
1652.00000000,0.13149972
1653.00000000,0.11978569
1654.00000000,0.10496505
1655.00000000,0.10958030
1656.00000000,0.15293157
1657.00000000,0.20678658
1658.00000000,0.24427208
1659.00000000,0.26291619
1660.00000000,0.25932541
1661.00000000,0.23127950
1662.00000000,0.20702148
1663.00000000,0.20117362
1664.00000000,0.22156453
1665.00000000,0.27261130
1666.00000000,0.33484717
1667.00000000,0.32721010
1668.00000000,0.26417309
1669.00000000,0.22770762
1670.00000000,0.24784406
1671.00000000,0.27082536
1672.00000000,0.25141603
1673.00000000,0.21342008
1674.00000000,0.18252794
1675.00000000,0.17719097
1676.00000000,0.17181201
1677.00000000,0.19632606
1678.00000000,0.24478236
1679.00000000,0.28715397
1680.00000000,0.28254325
1681.00000000,0.24531190
1682.00000000,0.20702148
1683.00000000,0.18127312
1684.00000000,0.16007552
1685.00000000,0.13101161
1686.00000000,0.15191101
1687.00000000,0.23332058
1688.00000000,0.31953870
1689.00000000,0.31623932
1690.00000000,0.23074960
1691.00000000,0.16724072
1692.00000000,0.14349135
1693.00000000,0.13228728
1694.00000000,0.12103893
1695.00000000,0.09707871
1696.00000000,0.07996122
1697.00000000,0.10039546
1698.00000000,0.13711282
1699.00000000,0.17361908
1700.00000000,0.17844568
1701.00000000,0.15448399
1702.00000000,0.13507169
1703.00000000,0.13483863
1704.00000000,0.15038016
1705.00000000,0.16570991
1706.00000000,0.18405878
1707.00000000,0.21112387
1708.00000000,0.22360565
1709.00000000,0.21010333
1710.00000000,0.17768026
1711.00000000,0.16417910
1712.00000000,0.20472521
1713.00000000,0.25628269
1714.00000000,0.25575343
1715.00000000,0.20908279
1716.00000000,0.18558963
1717.00000000,0.21086873
1718.00000000,0.22003368
1719.00000000,0.19836714
1720.00000000,0.17028117
1721.00000000,0.17004720
1722.00000000,0.19681584
1723.00000000,0.22030871
1724.00000000,0.23100475
1725.00000000,0.24301569
1726.00000000,0.25626371
1727.00000000,0.27337671
1728.00000000,0.26800020
1729.00000000,0.22898329
1730.00000000,0.18686534
1731.00000000,0.15473912
1732.00000000,0.12792774
1733.00000000,0.12055109
1734.00000000,0.18865132
1735.00000000,0.27796913
1736.00000000,0.32106955
1737.00000000,0.31139176
1738.00000000,0.25167117
1739.00000000,0.18535527
1740.00000000,0.15114558
1741.00000000,0.15703534
1742.00000000,0.16951574
1743.00000000,0.17693583
1744.00000000,0.18482421
1745.00000000,0.17081260
1746.00000000,0.13787825
1747.00000000,0.12565378
1748.00000000,0.12537633
1749.00000000,0.11953055
1750.00000000,0.10368934
1751.00000000,0.08865927
1752.00000000,0.09118743
1753.00000000,0.11391759
1754.00000000,0.13277542
1755.00000000,0.15499426
1756.00000000,0.18558963
1757.00000000,0.19862227
1758.00000000,0.18354850
1759.00000000,0.16979207
1760.00000000,0.19860183
1761.00000000,0.25628269
1762.00000000,0.29351431
1763.00000000,0.27873453
1764.00000000,0.21467572
1765.00000000,0.15678020
1766.00000000,0.14221565
1767.00000000,0.18203853
1768.00000000,0.22462622
1769.00000000,0.27031509
1770.00000000,0.35602388
1771.00000000,0.42645746
1772.00000000,0.43537276
1773.00000000,0.42875367
1774.00000000,0.38638567
1775.00000000,0.32312795
1776.00000000,0.26851049
1777.00000000,0.22132925
1778.00000000,0.19681584
1779.00000000,0.18943743
1780.00000000,0.18456907
1781.00000000,0.18127312
1782.00000000,0.20447007
1783.00000000,0.21648169
1784.00000000,0.22896362
1785.00000000,0.24480163
1786.00000000,0.27616472
1787.00000000,0.28230642
1788.00000000,0.26340766
1789.00000000,0.25475188
1790.00000000,0.22921876
1791.00000000,0.20729685
1792.00000000,0.18890647
1793.00000000,0.18561041
1794.00000000,0.16926060
1795.00000000,0.13407322
1796.00000000,0.09654539
1797.00000000,0.07641281
1798.00000000,0.09577997
1799.00000000,0.11723434
1800.00000000,0.11899781
1801.00000000,0.12565378
1802.00000000,0.14349135
1803.00000000,0.18152826
1804.00000000,0.23993468
1805.00000000,0.27847940
1806.00000000,0.31494617
1807.00000000,0.33486414
1808.00000000,0.34352197
1809.00000000,0.35655058
1810.00000000,0.33816400
1811.00000000,0.26776375
1812.00000000,0.18074195
1813.00000000,0.14045159
1814.00000000,0.13660254
1815.00000000,0.19836714
1816.00000000,0.27820585
1817.00000000,0.33843603
1818.00000000,0.33408175
1819.00000000,0.27873453
1820.00000000,0.22794305
1821.00000000,0.19454012
1822.00000000,0.18712048
1823.00000000,0.17974231
1824.00000000,0.14706333
1825.00000000,0.10243654
1826.00000000,0.09016686
1827.00000000,0.11851001
1828.00000000,0.16517834
1829.00000000,0.20117362
1830.00000000,0.24401694
1831.00000000,0.28638857
1832.00000000,0.32693780
1833.00000000,0.30042097
1834.00000000,0.20600092
1835.00000000,0.14070672
1836.00000000,0.13175486
1837.00000000,0.18969256
1838.00000000,0.24963005
1839.00000000,0.28358209
1840.00000000,0.26111139
1841.00000000,0.20831739
1842.00000000,0.16135123
1843.00000000,0.12182676
1844.00000000,0.11261928
1845.00000000,0.13075647
1846.00000000,0.21773741
1847.00000000,0.34200791
1848.00000000,0.43026994
1849.00000000,0.45018497
1850.00000000,0.43001480
1851.00000000,0.38716673
1852.00000000,0.32336582
1853.00000000,0.25500702
1854.00000000,0.19783640
1855.00000000,0.17310881
1856.00000000,0.16517834
1857.00000000,0.19020283
1858.00000000,0.23738327
1859.00000000,0.28970532
1860.00000000,0.29351431
1861.00000000,0.25015946
1862.00000000,0.20038781
1863.00000000,0.17285368
1864.00000000,0.19247844
1865.00000000,0.19964281
1866.00000000,0.18992703
1867.00000000,0.20091848
1868.00000000,0.22692249
1869.00000000,0.25015946
1870.00000000,0.22615706
1871.00000000,0.17897691
1872.00000000,0.14374649
1873.00000000,0.13432836
1874.00000000,0.15293157
1875.00000000,0.17208828
1876.00000000,0.18329336
1877.00000000,0.20678658
1878.00000000,0.23942440
1879.00000000,0.26266105
1880.00000000,0.24350666
1881.00000000,0.24097461
1882.00000000,0.31520131
1883.00000000,0.43207042
1884.00000000,0.50451600
1885.00000000,0.45809414
1886.00000000,0.35678930
1887.00000000,0.27363184
1888.00000000,0.19758126
1889.00000000,0.14274780
1890.00000000,0.10113793
1891.00000000,0.09682357
1892.00000000,0.15089044
1893.00000000,0.24122975
1894.00000000,0.33994999
1895.00000000,0.38895267
1896.00000000,0.33229576
1897.00000000,0.23408598
1898.00000000,0.19196816
1899.00000000,0.18841689
1900.00000000,0.16670919
1901.00000000,0.13866565
1902.00000000,0.14935960
1903.00000000,0.20398010
1904.00000000,0.27846099
1905.00000000,0.30807501
1906.00000000,0.26009083
1907.00000000,0.17770124
1908.00000000,0.11797724
1909.00000000,0.11723434
1910.00000000,0.13864367
1911.00000000,0.16035209
1912.00000000,0.20166352
1913.00000000,0.32772037
1914.00000000,0.45961116
1915.00000000,0.47697410
1916.00000000,0.38562025
1917.00000000,0.26776375
1918.00000000,0.20778691
1919.00000000,0.20015308
1920.00000000,0.20472521
1921.00000000,0.16494451
1922.00000000,0.09577997
1923.00000000,0.06926904
1924.00000000,0.09935194
1925.00000000,0.18484501
1926.00000000,0.29045262
1927.00000000,0.36318408
1928.00000000,0.38306884
1929.00000000,0.36522516
1930.00000000,0.32030413
1931.00000000,0.26725348
1932.00000000,0.20778691
1933.00000000,0.14427861
1934.00000000,0.10164821
1935.00000000,0.13305269
1936.00000000,0.22360565
1937.00000000,0.29889016
1938.00000000,0.30116855
1939.00000000,0.25551729
1940.00000000,0.21595142
1941.00000000,0.22132925
1942.00000000,0.24682349
1943.00000000,0.26725348
1944.00000000,0.30958820
1945.00000000,0.35297870
1946.00000000,0.36163699
1947.00000000,0.33716035
1948.00000000,0.32438639
1949.00000000,0.34915168
1950.00000000,0.37388376
1951.00000000,0.33052685
1952.00000000,0.24911976
1953.00000000,0.22337033
1954.00000000,0.22896362
1955.00000000,0.24327083
1956.00000000,0.27080676
1957.00000000,0.26138538
1958.00000000,0.20625606
1959.00000000,0.19300931
1960.00000000,0.26595908
1961.00000000,0.34583493
1962.00000000,0.40092871
1963.00000000,0.42696773
1964.00000000,0.37413890
1965.00000000,0.27643832
1966.00000000,0.17308772
1967.00000000,0.11723434
1968.00000000,0.12001837
1969.00000000,0.18892716
1970.00000000,0.26111139
1971.00000000,0.25373134
1972.00000000,0.22130938
1973.00000000,0.19785687
1974.00000000,0.17334286
1975.00000000,0.16800612
1976.00000000,0.17819054
1977.00000000,0.21444062
1978.00000000,0.23049446
1979.00000000,0.21137900
1980.00000000,0.18278308
1981.00000000,0.17974231
1982.00000000,0.22411594
1983.00000000,0.29582855
1984.00000000,0.30014798
1985.00000000,0.24480163
1986.00000000,0.18150737
1987.00000000,0.14198240
1988.00000000,0.16084095
1989.00000000,0.23434111
1990.00000000,0.31749758
1991.00000000,0.34175277
1992.00000000,0.32362096
1993.00000000,0.30016584
1994.00000000,0.29351431
1995.00000000,0.28230642
1996.00000000,0.26876563
1997.00000000,0.24811838
1998.00000000,0.18916161
1999.00000000,0.16009695
2000.00000000,0.15216615
2001.00000000,0.13687970
2002.00000000,0.14502220
2003.00000000,0.17770124
2004.00000000,0.23177017
2005.00000000,0.29353234
2006.00000000,0.32642751
2007.00000000,0.31419824
2008.00000000,0.29504516
2009.00000000,0.32644470
2010.00000000,0.31877328
2011.00000000,0.23689246
2012.00000000,0.15471756
2013.00000000,0.12897053
2014.00000000,0.13940909
2015.00000000,0.15984182
2016.00000000,0.20115324
2017.00000000,0.23306544
2018.00000000,0.27335817
2019.00000000,0.34328358
2020.00000000,0.40781752
2021.00000000,0.40324021
2022.00000000,0.34122570
2023.00000000,0.29174640
2024.00000000,0.25345716
2025.00000000,0.22234979
2026.00000000,0.22181967
2027.00000000,0.31088149
2028.00000000,0.39531561
2029.00000000,0.44100013
2030.00000000,0.43384191
2031.00000000,0.35501977
2032.00000000,0.28560494
2033.00000000,0.23663733
2034.00000000,0.23865898
2035.00000000,0.26087511
2036.00000000,0.24197581
2037.00000000,0.18586554
2038.00000000,0.13379599
2039.00000000,0.12106136
2040.00000000,0.12384549
2041.00000000,0.12718459
2042.00000000,0.13047915
2043.00000000,0.16392397
2044.00000000,0.20727662
2045.00000000,0.21775737
2046.00000000,0.17206715
2047.00000000,0.10779436
2048.00000000,0.08940144
2049.00000000,0.11723434
2050.00000000,0.15803439
2051.00000000,0.18101799
2052.00000000,0.20064296
2053.00000000,0.21750223
2054.00000000,0.21824769
2055.00000000,0.19658120
2056.00000000,0.15267643
2057.00000000,0.10116086
2058.00000000,0.08353319
2059.00000000,0.12948080
2060.00000000,0.18635505
2061.00000000,0.21928817
2062.00000000,0.23534214
2063.00000000,0.21801250
2064.00000000,0.18405878
2065.00000000,0.20372496
2066.00000000,0.25141603
2067.00000000,0.27924480
2068.00000000,0.30244425
2069.00000000,0.32363822
2070.00000000,0.35296219
2071.00000000,0.37441000
2072.00000000,0.37235291
2073.00000000,0.39073861
2074.00000000,0.43129050
2075.00000000,0.44355147
2076.00000000,0.41292034
2077.00000000,0.32032147
2078.00000000,0.19349900
2079.00000000,0.11417273
2080.00000000,0.08685003
2081.00000000,0.10396734
2082.00000000,0.11185386
2083.00000000,0.10600842
2084.00000000,0.10419962
2085.00000000,0.12233703
2086.00000000,0.14808389
2087.00000000,0.16009695
2088.00000000,0.18048681
2089.00000000,0.23765786
2090.00000000,0.28483952
2091.00000000,0.30450313
2092.00000000,0.25039547
2093.00000000,0.14325807
2094.00000000,0.09603511
2095.00000000,0.09809925
2096.00000000,0.10904730
2097.00000000,0.10983544
2098.00000000,0.11389498
2099.00000000,0.12055109
2100.00000000,0.11874266
2101.00000000,0.11493813
2102.00000000,0.11032301
2103.00000000,0.10907003
2104.00000000,0.13838853
2105.00000000,0.18663095
2106.00000000,0.23712813
2107.00000000,0.25066973
2108.00000000,0.22896362
2109.00000000,0.21061360
2110.00000000,0.22028882
2111.00000000,0.26980482
2112.00000000,0.34199112
2113.00000000,0.38614619
2114.00000000,0.36699495
2115.00000000,0.28740911
2116.00000000,0.18992703
2117.00000000,0.15065697
2118.00000000,0.17206715
2119.00000000,0.21061360
2120.00000000,0.23151503
2121.00000000,0.23689246
2122.00000000,0.23636271
2123.00000000,0.23306544
2124.00000000,0.18558963
2125.00000000,0.14172726
2126.00000000,0.13022401
2127.00000000,0.12182676
2128.00000000,0.11517069
2129.00000000,0.11417273
2130.00000000,0.15446242
2131.00000000,0.24199515
2132.00000000,0.30550594
2133.00000000,0.32950631
2134.00000000,0.30423024
2135.00000000,0.23663733
2136.00000000,0.18814104
2137.00000000,0.17412935
2138.00000000,0.18686534
2139.00000000,0.18510014
2140.00000000,0.16824004
2141.00000000,0.16060722
2142.00000000,0.17104659
2143.00000000,0.18407960
2144.00000000,0.16824004
2145.00000000,0.18637581
2146.00000000,0.24580293
2147.00000000,0.26087511
2148.00000000,0.23763841
2149.00000000,0.22234979
2150.00000000,0.22181967
2151.00000000,0.23510652
2152.00000000,0.26468337
2153.00000000,0.27388698
2154.00000000,0.26697964
2155.00000000,0.29659395
2156.00000000,0.35576874
2157.00000000,0.40630182
2158.00000000,0.37311833
2159.00000000,0.27643832
2160.00000000,0.18992703
2161.00000000,0.14657482
2162.00000000,0.14935960
2163.00000000,0.16188289
2164.00000000,0.17206715
2165.00000000,0.19479525
2166.00000000,0.23738327
2167.00000000,0.29404261
2168.00000000,0.31673215
2169.00000000,0.26215078
2170.00000000,0.18456907
2171.00000000,0.15397372
2172.00000000,0.18048681
2173.00000000,0.20219416
2174.00000000,0.17155687
2175.00000000,0.16086235
2176.00000000,0.22462622
2177.00000000,0.31241230
2178.00000000,0.33102005
2179.00000000,0.27694859
2180.00000000,0.21442057
2181.00000000,0.18994770
2182.00000000,0.21926826
2183.00000000,0.27005996
2184.00000000,0.28943206
2185.00000000,0.25475188
2186.00000000,0.20089810
2187.00000000,0.15473912
2188.00000000,0.13838853
2189.00000000,0.16545478
2190.00000000,0.19349900
2191.00000000,0.19428499
2192.00000000,0.19809154
2193.00000000,0.22209465
2194.00000000,0.22768791
2195.00000000,0.19989795
2196.00000000,0.17079145
2197.00000000,0.16698558
2198.00000000,0.20472521
2199.00000000,0.21444062
2200.00000000,0.17436342
2201.00000000,0.16086235
2202.00000000,0.16875032
2203.00000000,0.18561041
2204.00000000,0.17206715
2205.00000000,0.15907641
2206.00000000,0.18048681
2207.00000000,0.22541140
2208.00000000,0.25830484
2209.00000000,0.25602755
2210.00000000,0.23687299
2211.00000000,0.19479525
2212.00000000,0.16109609
2213.00000000,0.16111749
2214.00000000,0.20523550
2215.00000000,0.24454650
2216.00000000,0.22845333
2217.00000000,0.17897691
2218.00000000,0.13762311
2219.00000000,0.13075647
2220.00000000,0.15522784
2221.00000000,0.23714760
2222.00000000,0.35245191
2223.00000000,0.40043373
2224.00000000,0.39531561
2225.00000000,0.38640133
2226.00000000,0.40909323
2227.00000000,0.41242505
2228.00000000,0.36291269
2229.00000000,0.29098099
2230.00000000,0.21799255
2231.00000000,0.19581579
2232.00000000,0.18380364
2233.00000000,0.16366884
2234.00000000,0.12052865
2235.00000000,0.09070034
2236.00000000,0.10445476
2237.00000000,0.15780074
2238.00000000,0.18252794
2239.00000000,0.14861589
2240.00000000,0.12818289
2241.00000000,0.15320832
2242.00000000,0.21263459
2243.00000000,0.22949356
2244.00000000,0.19809154
2245.00000000,0.17566016
2246.00000000,0.15752411
2247.00000000,0.17132287
2248.00000000,0.17946624
2249.00000000,0.17821151
2250.00000000,0.17283258
2251.00000000,0.14631968
2252.00000000,0.13328571
2253.00000000,0.14096186
2254.00000000,0.15803439
2255.00000000,0.17617043
2256.00000000,0.20089810
2257.00000000,0.24097461
2258.00000000,0.30065826
2259.00000000,0.34200791
2260.00000000,0.32209012
2261.00000000,0.24837352
2262.00000000,0.18074195
2263.00000000,0.13560403
2264.00000000,0.13022401
2265.00000000,0.17770124
2266.00000000,0.29223861
2267.00000000,0.39252456
2268.00000000,0.48002245
2269.00000000,0.51243781
2270.00000000,0.44047558
2271.00000000,0.33307820
2272.00000000,0.21620656
2273.00000000,0.16137262
2274.00000000,0.16517834
2275.00000000,0.19683633
2276.00000000,0.19681584
2277.00000000,0.15703534
2278.00000000,0.13379599
2279.00000000,0.14580941
2280.00000000,0.15854468
2281.00000000,0.13687970
2282.00000000,0.09858652
2283.00000000,0.07207552
2284.00000000,0.09016686
2285.00000000,0.14938130
2286.00000000,0.21314487
2287.00000000,0.26291619
2288.00000000,0.31953870
2289.00000000,0.36037760
2290.00000000,0.30933306
2291.00000000,0.23383085
2292.00000000,0.18074195
2293.00000000,0.14019645
2294.00000000,0.12027351
2295.00000000,0.13917592
2296.00000000,0.20855233
2297.00000000,0.30501339
2298.00000000,0.34581824
2299.00000000,0.31215716
2300.00000000,0.29402460
2301.00000000,0.33001658
2302.00000000,0.41011379
2303.00000000,0.43870392
2304.00000000,0.35934072
2305.00000000,0.23204490
2306.00000000,0.16211665
2307.00000000,0.18841689
2308.00000000,0.25447773
2309.00000000,0.27796913
2310.00000000,0.27310303
2311.00000000,0.26546753
2312.00000000,0.26493851
2313.00000000,0.25424161
2314.00000000,0.23381130
2315.00000000,0.24276056
2316.00000000,0.24248609
2317.00000000,0.21393035
2318.00000000,0.19094759
2319.00000000,0.20780712
2320.00000000,0.21237945
2321.00000000,0.17923204
2322.00000000,0.15828953
2323.00000000,0.16877153
2324.00000000,0.17844568
2325.00000000,0.17157801
2326.00000000,0.16058580
2327.00000000,0.16137262
2328.00000000,0.16441292
2329.00000000,0.15244291
2330.00000000,0.14629790
2331.00000000,0.19581579
2332.00000000,0.29836199
2333.00000000,0.36088787
2334.00000000,0.30576109
2335.00000000,0.22923842
2336.00000000,0.19502985
2337.00000000,0.18943743
2338.00000000,0.20651120
2339.00000000,0.23051410
2340.00000000,0.27948155
2341.00000000,0.32516903
2342.00000000,0.36418840
2343.00000000,0.39048348
2344.00000000,0.44608869
2345.00000000,0.52493941
2346.00000000,0.48793183
2347.00000000,0.38104350
2348.00000000,0.28611522
2349.00000000,0.22949356
2350.00000000,0.23202531
2351.00000000,0.26546753
2352.00000000,0.30193397
2353.00000000,0.30577880
2354.00000000,0.29274889
2355.00000000,0.24403623
2356.00000000,0.16721947
2357.00000000,0.12820513
2358.00000000,0.13379599
2359.00000000,0.13866565
2360.00000000,0.15063530
2361.00000000,0.19198877
2362.00000000,0.23942440
2363.00000000,0.29455288
2364.00000000,0.32004899
2365.00000000,0.31343284
2366.00000000,0.31545645
2367.00000000,0.32261768
2368.00000000,0.31647701
2369.00000000,0.26291619
2370.00000000,0.20166352
2371.00000000,0.15269805
2372.00000000,0.15650355
2373.00000000,0.24939406
2374.00000000,0.38664081
2375.00000000,0.44890930
2376.00000000,0.41496147
2377.00000000,0.36956244
2378.00000000,0.29989284
2379.00000000,0.23434111
2380.00000000,0.20778691
2381.00000000,0.20551091
2382.00000000,0.24784406
2383.00000000,0.28205128
2384.00000000,0.29427974
2385.00000000,0.32976145
2386.00000000,0.39837730
2387.00000000,0.51447889
2388.00000000,0.48487013
2389.00000000,0.32746524
2390.00000000,0.21773741
2391.00000000,0.18229366
2392.00000000,0.21263459
2393.00000000,0.24071948
2394.00000000,0.25524315
2395.00000000,0.26725348
2396.00000000,0.26060111
2397.00000000,0.23357571
2398.00000000,0.20293923
2399.00000000,0.16060722
2400.00000000,0.13328571
2401.00000000,0.15193264
2402.00000000,0.19018217
2403.00000000,0.25526215
2404.00000000,0.29555544
2405.00000000,0.27924480
2406.00000000,0.25830484
2407.00000000,0.25118000
2408.00000000,0.30550594
2409.00000000,0.37007271
2410.00000000,0.39072307
2411.00000000,0.35808139
2412.00000000,0.34811451
2413.00000000,0.38971808
2414.00000000,0.41317549
2415.00000000,0.40145427
2416.00000000,0.36827065
2417.00000000,0.31241230
2418.00000000,0.23891412
2419.00000000,0.20857252
2420.00000000,0.25473287
2421.00000000,0.32721010
2422.00000000,0.32132469
2423.00000000,0.25628269
2424.00000000,0.19885697
2425.00000000,0.18637581
2426.00000000,0.22284023
2427.00000000,0.25347621
2428.00000000,0.23023932
2429.00000000,0.19836714
2430.00000000,0.19298872
2431.00000000,0.22337033
2432.00000000,0.27335817
2433.00000000,0.31853553
2434.00000000,0.35627902
2435.00000000,0.37543054
2436.00000000,0.35780987
2437.00000000,0.32108687
2438.00000000,0.28764607
2439.00000000,0.24811838
2440.00000000,0.21977854
2441.00000000,0.22796275
2442.00000000,0.25881512
2443.00000000,0.25959944
2444.00000000,0.22079910
2445.00000000,0.18714122
2446.00000000,0.18074195
2447.00000000,0.22413573
2448.00000000,0.27871613
2449.00000000,0.29557341
2450.00000000,0.29989284
2451.00000000,0.33639495
2452.00000000,0.39863244
2453.00000000,0.40553642
2454.00000000,0.34097056
2455.00000000,0.26189565
2456.00000000,0.20727662
2457.00000000,0.18101799
2458.00000000,0.14400163
2459.00000000,0.10881490
2460.00000000,0.13532684
2461.00000000,0.24071948
2462.00000000,0.33382661
2463.00000000,0.32848578
2464.00000000,0.24886462
2465.00000000,0.17259855
2466.00000000,0.14247079
2467.00000000,0.15933155
2468.00000000,0.19247844
2469.00000000,0.18765149
2470.00000000,0.15471756
2471.00000000,0.18433474
2472.00000000,0.27948155
2473.00000000,0.37236892
2474.00000000,0.41853345
2475.00000000,0.46090063
2476.00000000,0.50221973
2477.00000000,0.40732236
2478.00000000,0.23381130
2479.00000000,0.14734022
2480.00000000,0.17946624
2481.00000000,0.29735936
2482.00000000,0.41368577
2483.00000000,0.46039036
2484.00000000,0.44251671
2485.00000000,0.34226304
2486.00000000,0.20855233
2487.00000000,0.18994770
2488.00000000,0.23381130
2489.00000000,0.23995408
2490.00000000,0.18125223
2491.00000000,0.12208190
2492.00000000,0.12614176
2493.00000000,0.17846664
2494.00000000,0.23253559
2495.00000000,0.29582855
2496.00000000,0.36265755
2497.00000000,0.37772675
2498.00000000,0.32183497
2499.00000000,0.23485138
2500.00000000,0.18405878
2501.00000000,0.16979207
2502.00000000,0.15777925
2503.00000000,0.14376834
2504.00000000,0.15395214
2505.00000000,0.18229366
2506.00000000,0.18584477
2507.00000000,0.15984182
2508.00000000,0.14935960
2509.00000000,0.14861589
2510.00000000,0.15420728
2511.00000000,0.19402985
2512.00000000,0.25014033
2513.00000000,0.26929455
2514.00000000,0.27131704
2515.00000000,0.31853553
2516.00000000,0.37464918
2517.00000000,0.34098737
2518.00000000,0.24682349
2519.00000000,0.21239954
2520.00000000,0.27871613
2521.00000000,0.35935706
2522.00000000,0.37720059
2523.00000000,0.33358847
2524.00000000,0.32642751
2525.00000000,0.34940681
2526.00000000,0.31367046
2527.00000000,0.24327083
2528.00000000,0.18839618
2529.00000000,0.17872178
2530.00000000,0.19605042
2531.00000000,0.26291619
2532.00000000,0.35704445
2533.00000000,0.36650083
2534.00000000,0.32923407
2535.00000000,0.37134839
2536.00000000,0.44966066
2537.00000000,0.43666284
2538.00000000,0.33204062
2539.00000000,0.26852915
2540.00000000,0.27004133
2541.00000000,0.24556704
2542.00000000,0.19656070
2543.00000000,0.17259855
2544.00000000,0.19987753
2545.00000000,0.24429136
2546.00000000,0.23330102
2547.00000000,0.18561041
2548.00000000,0.17308772
2549.00000000,0.21010333
2550.00000000,0.28024698
2551.00000000,0.30450313
2552.00000000,0.24070011
2553.00000000,0.15142238
2554.00000000,0.10547533
2555.00000000,0.12641919
2556.00000000,0.20268408
2557.00000000,0.27822426
2558.00000000,0.24988519
2559.00000000,0.18178339
2560.00000000,0.20931775
2561.00000000,0.25832377
2562.00000000,0.27004133
2563.00000000,0.25985457
2564.00000000,0.29530030
2565.00000000,0.36216354
2566.00000000,0.39225392
2567.00000000,0.38027810
2568.00000000,0.35321733
2569.00000000,0.36675596
2570.00000000,0.41955401
2571.00000000,0.46115576
2572.00000000,0.47364393
2573.00000000,0.49355785
2574.00000000,0.52977497
2575.00000000,0.53948208
2576.00000000,0.50885340
2577.00000000,0.46345197
2578.00000000,0.39021279
2579.00000000,0.28409236
2580.00000000,0.20804205
2581.00000000,0.20244929
2582.00000000,0.19451957
2583.00000000,0.17412935
2584.00000000,0.19885697
2585.00000000,0.22923842
2586.00000000,0.19911211
2587.00000000,0.15984182
2588.00000000,0.20421493
2589.00000000,0.29149126
2590.00000000,0.30652651
2591.00000000,0.25500702
2592.00000000,0.21544114
2593.00000000,0.18382447
2594.00000000,0.14221565
2595.00000000,0.15550453
2596.00000000,0.22411594
2597.00000000,0.26954969
2598.00000000,0.22335051
2599.00000000,0.14147213
2600.00000000,0.13277542
2601.00000000,0.20525577
2602.00000000,0.35143134
2603.00000000,0.45809414
2604.00000000,0.43129050
2605.00000000,0.33027172
2606.00000000,0.25269174
2607.00000000,0.28511290
2608.00000000,0.39046793
2609.00000000,0.45324659
2610.00000000,0.43460734
2611.00000000,0.41599694
2612.00000000,0.41929887
2613.00000000,0.39354510
2614.00000000,0.32846864
2615.00000000,0.27592805
2616.00000000,0.30014798
2617.00000000,0.34915168
2618.00000000,0.34173598
2619.00000000,0.28511290
2620.00000000,0.23304587
2621.00000000,0.23102437
2622.00000000,0.26060111
2623.00000000,0.29786963
2624.00000000,0.27999184
2625.00000000,0.22056385
2626.00000000,0.18354850
2627.00000000,0.18127312
2628.00000000,0.20523550
2629.00000000,0.24403623
2630.00000000,0.27029647
2631.00000000,0.21903304
2632.00000000,0.11746696
2633.00000000,0.07743335
2634.00000000,0.08506404
2635.00000000,0.12004082
2636.00000000,0.16364750
2637.00000000,0.19709147
2638.00000000,0.22156453
2639.00000000,0.22770762
2640.00000000,0.23483186
2641.00000000,0.24684271
2642.00000000,0.25983569
2643.00000000,0.32797551
2644.00000000,0.43639333
2645.00000000,0.50121189
2646.00000000,0.45859060
2647.00000000,0.38767700
2648.00000000,0.35985100
2649.00000000,0.31496364
2650.00000000,0.23687299
2651.00000000,0.17157801
2652.00000000,0.16594377
2653.00000000,0.19556066
2654.00000000,0.22692249
2655.00000000,0.25322107
2656.00000000,0.27667500
2657.00000000,0.26470213
2658.00000000,0.21237945
2659.00000000,0.19428499
2660.00000000,0.17563913
2661.00000000,0.15958668
2662.00000000,0.22870848
2663.00000000,0.28919505
2664.00000000,0.24758892
2665.00000000,0.16877153
2666.00000000,0.10853702
2667.00000000,0.09197602
2668.00000000,0.11108843
2669.00000000,0.14223753
2670.00000000,0.15701383
2671.00000000,0.13866565
2672.00000000,0.10164821
2673.00000000,0.08610792
2674.00000000,0.10088279
2675.00000000,0.09860952
2676.00000000,0.08327805
2677.00000000,0.10447761
2678.00000000,0.17640455
2679.00000000,0.29302207
2680.00000000,0.36622952
2681.00000000,0.36650083
2682.00000000,0.31213961
2683.00000000,0.24071948
2684.00000000,0.22590192
2685.00000000,0.22030871
2686.00000000,0.19120274
2687.00000000,0.16392397
2688.00000000,0.15191101
2689.00000000,0.15142238
2690.00000000,0.17257744
2691.00000000,0.20091848
2692.00000000,0.21824769
2693.00000000,0.19402985
2694.00000000,0.15114558
2695.00000000,0.12361271
2696.00000000,0.11491555
2697.00000000,0.11111111
2698.00000000,0.09960708
2699.00000000,0.10779436
2700.00000000,0.11440527
2701.00000000,0.10907003
2702.00000000,0.10088279
2703.00000000,0.09299656
2704.00000000,0.09144257
2705.00000000,0.09044521
2706.00000000,0.08480890
2707.00000000,0.08508738
2708.00000000,0.08149207
2709.00000000,0.07768848
2710.00000000,0.07638924
2711.00000000,0.07947442
2712.00000000,0.09169771
2713.00000000,0.12157163
2714.00000000,0.16313721
2715.00000000,0.18943743
2716.00000000,0.17895596
2717.00000000,0.15729047
2718.00000000,0.18354850
2719.00000000,0.21495089
2720.00000000,0.20268408
2721.00000000,0.15065697
2722.00000000,0.10394448
2723.00000000,0.08687333
2724.00000000,0.10777160
2725.00000000,0.13866565
2726.00000000,0.16721947
2727.00000000,0.16877153
2728.00000000,0.12843803
2729.00000000,0.09146575
2730.00000000,0.07205184
2731.00000000,0.07258579
2732.00000000,0.09169771
2733.00000000,0.11544840
2734.00000000,0.13328571
2735.00000000,0.12922567
2736.00000000,0.10062765
2737.00000000,0.08865927
2738.00000000,0.08582946
2739.00000000,0.06187014
2740.00000000,0.04373118
2741.00000000,0.04605179
2742.00000000,0.05470225
2743.00000000,0.07360633
2744.00000000,0.10496505
2745.00000000,0.12590892
2746.00000000,0.11950809
2747.00000000,0.10881490
2748.00000000,0.09373884
2749.00000000,0.08687333
2750.00000000,0.11287442
2751.00000000,0.14070672
2752.00000000,0.12154922
2753.00000000,0.07717821
2754.00000000,0.06618360
2755.00000000,0.09146575
2756.00000000,0.11772210
2757.00000000,0.09376196
2758.00000000,0.06847987
2759.00000000,0.07386146
2760.00000000,0.08098178
2761.00000000,0.08534252
2762.00000000,0.07868551
2763.00000000,0.07182039
2764.00000000,0.06643874
2765.00000000,0.06059446
2766.00000000,0.04934429
2767.00000000,0.04375558
2768.00000000,0.05929479
2769.00000000,0.09172088
2770.00000000,0.10802674
2771.00000000,0.09146575
2772.00000000,0.06057050
2773.00000000,0.05421610
2774.00000000,0.07638924
2775.00000000,0.08814900
2776.00000000,0.07460326
2777.00000000,0.05931879
2778.00000000,0.05954993
2779.00000000,0.07335119
2780.00000000,0.07613410
2781.00000000,0.05625718
2782.00000000,0.03607695
2783.00000000,0.03533614
2784.00000000,0.04730316
2785.00000000,0.06314581
2786.00000000,0.06975557
2787.00000000,0.06263554
2788.00000000,0.04398632
2789.00000000,0.02946804
2790.00000000,0.02638159
2791.00000000,0.03125399
2792.00000000,0.03760780
2793.00000000,0.03737722
2794.00000000,0.03480125
2795.00000000,0.03814262
2796.00000000,0.04526203
2797.00000000,0.05727771
2798.00000000,0.06975557
2799.00000000,0.08126036
2800.00000000,0.07715467
2801.00000000,0.06187014
2802.00000000,0.04908915
2803.00000000,0.05064421
2804.00000000,0.05342654
2805.00000000,0.05523664
2806.00000000,0.06516304
2807.00000000,0.06161500
2808.00000000,0.04551717
2809.00000000,0.03431560
2810.00000000,0.02918814
2811.00000000,0.02717183
2812.00000000,0.02944328
2813.00000000,0.02895778
2814.00000000,0.02587131
2815.00000000,0.02819237
2816.00000000,0.03199469
2817.00000000,0.03125399
2818.00000000,0.02510588
2819.00000000,0.01824212
2820.00000000,0.01541052
2821.00000000,0.01773185
2822.00000000,0.02255447
2823.00000000,0.02538589
2824.00000000,0.02408532
2825.00000000,0.02640643
2826.00000000,0.03071899
2827.00000000,0.03814262
2828.00000000,0.04347604
2829.00000000,0.04605179
2830.00000000,0.03913864
2831.00000000,0.03584641
2832.00000000,0.03735266
2833.00000000,0.03610154
2834.00000000,0.03173955
2835.00000000,0.02436535
2836.00000000,0.02331990
2837.00000000,0.02538589
2838.00000000,0.02536102
2839.00000000,0.02564103
2840.00000000,0.02638159
2841.00000000,0.02487562
2842.00000000,0.02127877
2843.00000000,0.01722158
2844.00000000,0.01362453
2845.00000000,0.01492537
2846.00000000,0.01515538
2847.00000000,0.01262916
2848.00000000,0.00852171
2849.00000000,0.00701620
2850.00000000,0.00903199
2851.00000000,0.01084322
2852.00000000,0.01132826
2853.00000000,0.01237403
2854.00000000,0.01464510
2855.00000000,0.01671132
2856.00000000,0.01336939
2857.00000000,0.01237403
2858.00000000,0.01285911
2859.00000000,0.01441510
2860.00000000,0.01566566
2861.00000000,0.01671132
2862.00000000,0.01694137
2863.00000000,0.01569078
2864.00000000,0.01387968
2865.00000000,0.01237403
2866.00000000,0.01260397
2867.00000000,0.01339457
2868.00000000,0.01490024
2869.00000000,0.01339457
2870.00000000,0.00928714
2871.00000000,0.00880214
2872.00000000,0.01081798
2873.00000000,0.01186376
2874.00000000,0.00954228
2875.00000000,0.01007782
2876.00000000,0.01081798
2877.00000000,0.01033295
2878.00000000,0.00801143
2879.00000000,0.00752647
2880.00000000,0.00801143
2881.00000000,0.00982268
2882.00000000,0.01158341
2883.00000000,0.01135349
2884.00000000,0.00928714
2885.00000000,0.00650593
2886.00000000,0.00546002
2887.00000000,0.00650593
2888.00000000,0.00648058
2889.00000000,0.00599566
2890.00000000,0.00469460
2891.00000000,0.00471999
2892.00000000,0.00469460
2893.00000000,0.00344432
2894.00000000,0.00392917
2895.00000000,0.00523026
2896.00000000,0.00367403
2897.00000000,0.00369945
2898.00000000,0.00316375
2899.00000000,0.00216864
2900.00000000,0.00316375
2901.00000000,0.00344432
2902.00000000,0.00265347
2903.00000000,0.00242378
2904.00000000,0.00316375
2905.00000000,0.00318918
2906.00000000,0.00188804
2907.00000000,0.00191351
2908.00000000,0.00214319
2909.00000000,0.00216864
2910.00000000,0.00290861
2911.00000000,0.00293405
2912.00000000,0.00290861
2913.00000000,0.00344432
2914.00000000,0.00239833
2915.00000000,0.00242378
2916.00000000,0.00214319
2917.00000000,0.00216864
2918.00000000,0.00163290
2919.00000000,0.00165837
2920.00000000,0.00214319
2921.00000000,0.00114811
2922.00000000,0.00086748
2923.00000000,0.00191351
2924.00000000,0.00239833
2925.00000000,0.00216864
2926.00000000,0.00137776
2927.00000000,0.00114811
2928.00000000,0.00035720
2929.00000000,0.00063784
2930.00000000,0.00112262
2931.00000000,0.00140324
2932.00000000,0.00112262
2933.00000000,0.00165837
2934.00000000,0.00112262
2935.00000000,0.00114811
2936.00000000,0.00137776
2937.00000000,0.00140324
2938.00000000,0.00137776
2939.00000000,0.00114811
2940.00000000,0.00137776
2941.00000000,0.00089297
2942.00000000,0.00086748
2943.00000000,0.00140324
2944.00000000,0.00035720
2945.00000000,0.00038270
2946.00000000,0.00086748
2947.00000000,0.00012757
2948.00000000,0.00000000
2949.00000000,0.00038270
2950.00000000,0.00137776
2951.00000000,0.00191351
2952.00000000,0.00086748
2953.00000000,0.00038270
2954.00000000,0.00035720
2955.00000000,0.00114811
2956.00000000,0.00112262
2957.00000000,0.00063784
2958.00000000,0.00061234
2959.00000000,0.00114811
2960.00000000,0.00137776
2961.00000000,0.00165837
2962.00000000,0.00163290
2963.00000000,0.00114811
2964.00000000,0.00137776
2965.00000000,0.00140324
2966.00000000,0.00086748
2967.00000000,0.00140324
2968.00000000,0.00163290
2969.00000000,0.00114811
2970.00000000,0.00112262
2971.00000000,0.00114811
2972.00000000,0.00086748
2973.00000000,0.00089297
2974.00000000,0.00061234
2975.00000000,0.00140324
2976.00000000,0.00061234
2977.00000000,0.00063784
2978.00000000,0.00137776
2979.00000000,0.00140324
2980.00000000,0.00086748
2981.00000000,0.00063784
2982.00000000,0.00112262
2983.00000000,0.00140324
2984.00000000,0.00137776
2985.00000000,0.00114811
2986.00000000,0.00112262
2987.00000000,0.00114811
2988.00000000,0.00112262
2989.00000000,0.00063784
2990.00000000,0.00010206
2991.00000000,0.00063784
2992.00000000,0.00112262
2993.00000000,0.00114811
2994.00000000,0.00137776
2995.00000000,0.00114811
2996.00000000,0.00137776
2997.00000000,0.00140324
2998.00000000,0.00086748
2999.00000000,0.00038270
3000.00000000,0.00010206
